{
    "test_loss": 13.66946370261056,
    "test_ndcg_10": 0.05135557891705853
}