{
    "test_loss": 9.470896209211654,
    "test_ndcg_10": 0.2929657617343232
}